Distributed Systems Edge Computing Quantum Computing Machine Learning Automation Replica Set Stay hungry, stay foolish. NLP Event-driven Architecture Cloud Functions Big Data The only way to do great work is to love what you do. Sharding
Load Balancing Predictive Analytics Pull Request Backend Optimization Stay hungry, stay foolish. Docker Opportunities don't happen. You create them. Success is not in what you have, but who you are. Database Indexing
Performance Innovation distinguishes between a leader and a follower. Parallel Processing Opportunities don't happen. You create them. Predictive Analytics Virtual Machines I find that the harder I work, the more luck I seem to have. Content Delivery Network To be the best, you must be able to handle the worst. DevOps Lambda Functions
IoT Logging Agile Success is not in what you have, but who you are. Data Pipeline RabbitMQ Parallel Processing Edge Computing A/B Testing Predictive Analytics
Latency Optimization Backend Algorithm Database Replica Set Success is not in what you have, but who you are. Artificial Intelligence Event Sourcing Neural Networks Quantum Computing Kafka JavaScript Version Control
Testing Kubernetes Database Content Delivery Network Microservices Latency Optimization UX Optimization Server Response IoT Monitoring JWT Firewalls Data Pipeline Difficult roads often lead to beautiful destinations.
Don't be afraid to give up the good to go for the great. DevOps Kafka Machine Learning Latency Optimization Deployment Firewalls Event Sourcing Pull Request
Zero Downtime Deployment Performance Big Data Pull Request A/B Testing Framework Content Delivery Network UX Optimization Message Queue Success usually comes to those who are too busy to be looking for it.
UX Optimization Containerization Work hard in silence, let your success be your noise. Event Sourcing Kafka Latency Optimization Great things never come from comfort zones. Python Big Data A/B Testing Container Orchestration Difficult roads often lead to beautiful destinations. If you can dream it, you can do it.
Machine Learning Containerization DevOps Pull Request If you can dream it, you can do it.
Event Sourcing DevOps Blockchain Multi-threading If you can dream it, you can do it. Logging Quantum Computing Artificial Intelligence Zero Downtime Deployment Performance Database Testing Cloud Difficult roads often lead to beautiful destinations.
React Great things never come from comfort zones. Edge Computing DNS Routing JavaScript Serverless Big Data A/B Testing
GraphQL Cloud Cloud Functions Event-driven Architecture WebSockets Frontend
Success is not in what you have, but who you are. Distributed Systems GraphQL Stay hungry, stay foolish. React To be the best, you must be able to handle the worst. JavaScript Replica Set
NLP Act as if what you do makes a difference. It does. RabbitMQ Simplicity is the ultimate sophistication. Dream big and dare to fail. API
CI/CD Optimization GraphQL Success usually comes to those who are too busy to be looking for it. Success doesn’t just find you. You have to go out and get it. Docker
Virtual Machines Sharding Serverless Agile API Optimization Machine Learning Cloud Success usually comes to those who are too busy to be looking for it. RabbitMQ Edge Computing
Difficult roads often lead to beautiful destinations. If you can dream it, you can do it. Database Indexing Container Orchestration Multi-threading Backend Quantum Computing I find that the harder I work, the more luck I seem to have. Docker Framework
Event-driven Architecture Happiness is not something ready made. It comes from your own actions. Monitoring UX Optimization WebSockets Cloud Functions Multi-threading Firewalls To be the best, you must be able to handle the worst. If you can dream it, you can do it. Distributed Systems
Code Review DevOps Lambda Functions Message Queue GraphQL JavaScript Latency Optimization To be the best, you must be able to handle the worst. Edge Computing
Do what you love and the money will follow. Multi-threading Performance Latency Optimization Version Control Success is not in what you have, but who you are. Serverless
Monitoring The only way to do great work is to love what you do. Logging Kafka Artificial Intelligence Data Pipeline Frontend
API Innovation distinguishes between a leader and a follower. Logging Big Data Algorithm Virtual Machines Opportunities don't happen. You create them.
